Tool Name,Tag
Single Tip Pentalobe Screwdriver,Smartphone Repair
Single Tip Pentalobe Screwdriver,Small Electronics
Single Tip Pentalobe Screwdriver,Screen Replacement
Replaceable Tip Pentalobe Screwdriver,Smartphone Repair
Replaceable Tip Pentalobe Screwdriver,Small Electronics
Replaceable Tip Pentalobe Screwdriver,Screen Replacement
Replaceable Tip Pentalobe Screwdriver,Battery Replacement
Replaceable Tip Racheting Pentalobe Screwdriver,Smartphone Repair
Replaceable Tip Racheting Pentalobe Screwdriver,Small Electronics
Replaceable Tip Racheting Pentalobe Screwdriver,Screen Replacement
Replaceable Tip Racheting Pentalobe Screwdriver,Battery Replacement
Replaceable Tip Racheting Pentalobe Screwdriver,Electrical
Precision Flat Head Screwdriver,Small Electronics
Precision Flat Head Screwdriver,PC Repair
Precision Flat Head Screwdriver,Laptop Repair
Precision Flat Head Screwdriver,Tablet Repair
Precision Phillips Head Screwdriver,Small Electronics
Precision Phillips Head Screwdriver,PC Repair
Precision Phillips Head Screwdriver,Laptop Repair
Precision Phillips Head Screwdriver,Tablet Repair
Precision Phillips Head Screwdriver,Console Repair
